Business Name,Industry,Phone,Email,Website,Location,Source
Choice Logistics,Logistics,(800) 861-6900,N/A,https://www.choicelogistics.com,"1 Battery Park PlzNew York, NY 10004",YellowPages
"Express Trade Capital, Inc.",LogisticsFinancial ServicesLetters Of Credit,(212) 997-0155,N/A,http://www.expresstradecapital.com,"1410 Broadway, 26th floorNew York, NY 10018",YellowPages
MTS Logistics Inc,LogisticsShipping Services,(212) 594-3117,N/A,http://www.mts-logistics.com,"5 W 37th St Rm 300New York, NY 10018",YellowPages
OOCL USA Inc,Logistics,(212) 509-1715,N/A,http://www.holborn.com,"88 Pine StNew York, NY 10005",YellowPages
All states logistic services,Logistics,(646) 206-9181,N/A,http://allstateslogisticservices.localsearch.com,"101 W 15th St Apt 10011New York, NY 10011",YellowPages
"PackageX, Inc.",LogisticsManagement ConsultantsCommunications Services,(407) 630-5234,N/A,https://packagex.io,"500 Fashion Ave 8th FlNew York, NY 10018",YellowPages
AIT Home Delivery,LogisticsPublic TransportationBus Lines,(866) 939-7737,N/A,https://www.aitworldwide.com/locations/new-york-new-york-3/?utm_source=extnet&utm_medium=yext&y_source=1_MzMxNjQwMTItNTUzLWxvY2F0aW9uLndlYnNpdGU%3D,"55 W 39th St Rm 708New York, NY 10018",YellowPages
Raihenus Logistics,Logistics,(212) 346-9800,N/A,http://rhenusproject.com,"299 BroadwayNew York, NY 10007",YellowPages
Jefron,Logistics,(212) 431-6610,N/A,N/A,"55 Walker StNew York, NY 10013",YellowPages
Insource Supply,Logistics,(800) 784-9705,N/A,https://insourcesupplies.com,"85 Broad StNew York, NY 10004",YellowPages
Unique Fast Logistics,Logistics,(917) 999-5538,N/A,https://www.uniquefastlogs.com,"77 Jackson StNew York, NY 10002",YellowPages
Global Logistics Service,Logistics,(512) 200-2174,N/A,http://globallogisticsservice.localsearch.com,"30 Greenwich AveNew York, NY 10011",YellowPages
Biz Logistics Solutions Co.,LogisticsTrucking-Light HaulingTrucking Transportation Brokers,(646) 236-2267,N/A,http://bizlogisticssolutions.com,"250 W 15th StNew York, NY 10011",YellowPages
Carol Cole Ventures Inc,LogisticsSatellite Communications-Common CarrierExporters,(212) 301-2644,N/A,http://www.carolcoleventures.com,"244 Fifth Ave, Ste 2774New York, NY 10001",YellowPages
Globe Logistics,Logistics,(973) 928-6868,N/A,https://vetbiznyc.cityofnewyork.us/profiles/1500,"11 W 36th StNew York, NY 10018",YellowPages
Box C Logistics Inc,Logistics,(646) 968-0080,N/A,https://www.boxc.com,"25 W 39th StNew York, NY 10018",YellowPages
Helix FL 1 Logistics Asset,Logistics,(708) 246-7000,N/A,http://helixfl1logisticsasset.localsearch.com,"1065 Avenue Of The AmericasNew York, NY 10018",YellowPages
Rocket Shippers,Logistics,(212) 379-2300,N/A,https://rocketshippers.com,"420 Lexington AveNew York, NY 10170",YellowPages
Barsan Global Logistics,Logistics,(201) 773-0730,N/A,https://www.barsan.com/en/our-contact-information-2,"36 W 44th StNew York, NY 10036",YellowPages
NPD Logistics Inc,Logistics,(908) 509-1673,N/A,https://www.npdlogistics.com,"1 W 45th StNew York, NY 10036",YellowPages
Aib Logistics,Logistics,(646) 998-1018,N/A,http://www.aibexpressonline.com,"580 5th AveNew York, NY 10036",YellowPages
Strips Logistics,Logistics,(415) 763-0059,N/A,http://stripslogistics.localsearch.com,"1203 Avenue Of The AmericasNew York, NY 10036",YellowPages
AME Logistics,Logistics,(917) 708-2888,N/A,https://amelogistics.biz,"220 E 65th StNew York, NY 10065",YellowPages
Blue Hat Construction Company,Logistics,(917) 733-4785,N/A,https://www.bluehatconstruction.com,"955 Lexington AveNew York, NY 10021",YellowPages
Fujian Furiex,Logistics,(760) 991-5601,N/A,https://www.fujianfuriex.com,"265 W 67th StNew York, NY 10023",YellowPages
Get Set Go Logistics,Logistics,(646) 649-5138,N/A,http://getsetgologistics.localsearch.com,"50 W 72nd StNew York, NY 10023",YellowPages
EMS Global Logistics,Logistics,(917) 268-2201,N/A,http://emsgloballogistics.localsearch.com,"19 W 103rd St Near Central ParNew York, NY 10025",YellowPages
Ans Logistics,Logistics,(951) 821-5933,N/A,http://anslogisticsny.localsearch.com,"164 Morningside AveNew York, NY 10027",YellowPages
J R Multiserv Logistics Inc,Logistics,(212) 491-3543,N/A,http://jrmultiservlogisticsinc.localsearch.com,"356 W 145th StNew York, NY 10039",YellowPages
Express Unlimited,Logistics,(855) 526-2100,N/A,https://expressunlimited.net,"4558 BroadwayNew York, NY 10040",YellowPages
